{"X1": 167364.66666666666, "X2": 1.60475, "X3": 1.8537916666666667, "X4": 1.552875, "X5": 35.432625, "X6": -0.014125, "X7": -0.13408333333333333, "X8": -0.16691666666666666, "X9": -0.22133333333333333, "X10": -0.2703333333333333, "X11": -0.29333333333333333, "X12": 51100.50225, "X13": 49012.267583333334, "X14": 46861.88008333333, "X15": 43156.661458333336, "X16": 40164.412625, "X17": 38675.979875, "X18": 5623.556291666667, "X19": 5879.974916666667, "X20": 5215.7775833333335, "X21": 4790.331833333334, "X22": 4769.94175, "X23": 5229.9055}